<?xml version="1.0" ?>
<manifest identifier="AOYqqr6CkMoKV9983voYLTXf5NCCd3U5AFIyOzkf" version="1"
  xmlns="http://www.imsproject.org/xsd/imscp_rootv1p1p2"
  xmlns:adlcp="http://www.adlnet.org/xsd/adlcp_rootv1p2"
  xmlns:xsi="http://www.w3.org/2001/XMLSchema-instance"
  xsi:schemaLocation="http://www.imsproject.org/xsd/imscp_rootv1p1p2 imscp_rootv1p1p2.xsd
                      http://www.imsglobal.org/xsd/imsmd_rootv1p2p1 imsmd_rootv1p2p1.xsd
                      http://www.adlnet.org/xsd/adlcp_rootv1p2 adlcp_rootv1p2.xsd">
  <metadata>
    <schema>ADL SCORM</schema>
    <schemaversion>1.2</schemaversion>
    <adlcp:location>metadata.xml</adlcp:location>
  </metadata>
  <organizations default="articulate_rise">
      <organization identifier="articulate_rise">
      <title>Stepping In Programme: Module 8 - Questioning</title>
      <item identifier="i1" identifierref="r1" isvisible="true">
        <title>Stepping In Programme: Module 8 - Questioning</title>
        <adlcp:datafromlms>eyJjcHYiOiJBRkl5T3prZiIsInJsZCI6ZmFsc2V9</adlcp:datafromlms>
      </item>
    </organization>
  </organizations>
  <resources>
    <resource identifier="r1" type="webcontent" adlcp:scormtype="sco" href="scormdriver/indexAPI.html">
      <!-- SCORMDRIVER STUFF -->
      <file href="scormdriver/indexAPI.html" />
      <file href="scormdriver/preloadIntegrity.js" />
      <file href="scormdriver/driverOptions.js" />
      <file href="scormdriver/AICCComm.html" />
      <file href="scormdriver/auto-scripts/AutoBookmark.js" />
      <file href="scormdriver/auto-scripts/AutoCompleteSCO.js" />
      <file href="scormdriver/auto-scripts/CourseExit.js" />
      <file href="scormdriver/blank.html" />
      <file href="scormdriver/goodbye.html" />
      <file href="scormdriver/scormdriver.js" />
      <file href="scormdriver/browsersniff.js" />

      <!-- RUNTIME COMMON STUFF -->
      <file href="scormcontent/index.html" />
      <file href="scormcontent/lib/main.bundle.js"/>

      
        <file href="scormcontent/lib/fonts/icomoon.ttf"/>
        <file href="scormcontent/lib/fonts/icomoon.woff"/>

        <file href="scormcontent/lib/icomoon.css"/>
        <file href="scormcontent/lib/main.bundle.css"/>
        <file href="scormcontent/lib/player-0.0.11.min.js"/>
        <file href="scormcontent/lib/lzwcompress.js"/>
      

      <!-- RUNTIME CONTENT STUFF -->
      <file href="scormcontent/lib/fonts/OpenSans-Italic.woff" />
<file href="scormcontent/lib/fonts/OpenSans-Bold.woff" />
<file href="scormcontent/lib/fonts/OpenSans-Regular.woff" />
<file href="scormcontent/lib/fonts/OpenSans-Light.woff" />
<file href="scormcontent/lib/fonts/Raleway-Black.woff" />
<file href="scormcontent/lib/fonts/Raleway-Italic.woff" />
<file href="scormcontent/lib/fonts/Raleway-Bold.woff" />
<file href="scormcontent/lib/fonts/Raleway-Regular.woff" />
<file href="scormcontent/lib/fonts/Raleway-Light.woff" />
<file href="scormcontent/lib/fonts/Lato-Black.woff" />
<file href="scormcontent/lib/fonts/Lato-Italic.woff" />
<file href="scormcontent/lib/fonts/Lato-Bold.woff" />
<file href="scormcontent/lib/fonts/Lato-Regular.woff" />
<file href="scormcontent/lib/fonts/Lato-Light.woff" />
<file href="scormcontent/assets/lx6Ai7OL2kBsYrID_small.png" />
<file href="scormcontent/assets/q3ss4Za-YrU1_eYj_Tgt2NJWTRNnLqVoD.png" />
<file href="scormcontent/assets/e4gam0sGqTO0wAYg_dBhKBPEQPuyb9xMs.jpg" />
<file href="scormcontent/assets/gZh1DFvIsg0OVm_E_YgqU9WMrqGNRYrM_.png" />
<file href="scormcontent/assets/ENa70vYht4P85WpB_pEn_QqHnjreHLwYi.jpg" />
<file href="scormcontent/assets/hpqhLd0IvpalM5f3_8K8UrvqoWwHgvYD_.jpg" />
<file href="scormcontent/assets/90HaJOIn9jLXbmLJ_vjcOAINFWd35_IYV.png" />
<file href="scormcontent/assets/y7vgLJ870xYDeTpA_dcCPsmkY204bWkXn.png" />
<file href="scormcontent/assets/BCQ_N1jkDVQDr8ai_sGJNpJVzmi1qip5f.png" />
<file href="scormcontent/assets/XKQB1VJx4B8A_1nV_vPIp_W8AkWB-Is1U.jpg" />
<file href="scormcontent/assets/wqp_UsOn5XNP31LL_ppeyuuvfgKEJF7Nb.jpg" />
<file href="scormcontent/assets/eG94kfnKXnXo1BJc_BNXKtFmaN28Trdkx.jpg" />
<file href="scormcontent/assets/4sDXoFHj68Q5UFDQ_OlYRjB7XUt8zHZMf.jpg" />
<file href="scormcontent/assets/HK4GkAoNmCqqcdcj_JmDfIIDcPXUu4dsN.jpg" />
<file href="scormcontent/assets/JNb1OdZelNODc6q5_F_IlfYr02Hophav6.jpg" />
<file href="scormcontent/assets/Gn-hBf21f9Hs7i_7_HQE1-7Lqq0fFAUv-.jpg" />
<file href="scormcontent/assets/tXt8fZlW3MU1PD4G_uhzwKBnGSJtgevF0.jpg" />
<file href="scormcontent/assets/pK1STbemtAv7ZXgN_yvqBSQ3d4NO37S3x.jpg" />
<file href="scormcontent/assets/RAg7LH9V1RoMaA6t_vGkMbBpZkwzrJH8u.jpg" />
<file href="scormcontent/assets/V-pXzZlOPPSQuRMN_EA_YTuaLKsWEKqbe.jpg" />
<file href="scormcontent/assets/XQFxk5QZcAPlY6of_a5WPQ4QgssSWTV1B.jpg" />
<file href="scormcontent/assets/TquRqPqOnekKYWot_QSzB3cumXGAab7BI.jpg" />
<file href="scormcontent/assets/uPKYAsPpn1YGPkPD_gubv-GlEeEgVWqcd.jpg" />
<file href="scormcontent/assets/sFNKvssP-z3WRw2Z_5_abstract.jpg" />
<file href="scormcontent/assets/XQPd-LyWWhsxK0fU_example-header-image.jpg" />

    </resource>
  </resources>
</manifest>
