<?xml version="1.0" ?>
<manifest identifier="ApWoL93uQHT0OcpvR6Vdli3OzE84oEu11JDMUHFn" version="1"
  xmlns="http://www.imsproject.org/xsd/imscp_rootv1p1p2"
  xmlns:adlcp="http://www.adlnet.org/xsd/adlcp_rootv1p2"
  xmlns:xsi="http://www.w3.org/2001/XMLSchema-instance"
  xsi:schemaLocation="http://www.imsproject.org/xsd/imscp_rootv1p1p2 imscp_rootv1p1p2.xsd
                      http://www.imsglobal.org/xsd/imsmd_rootv1p2p1 imsmd_rootv1p2p1.xsd
                      http://www.adlnet.org/xsd/adlcp_rootv1p2 adlcp_rootv1p2.xsd">
  <metadata>
    <schema>ADL SCORM</schema>
    <schemaversion>1.2</schemaversion>
    <adlcp:location>metadata.xml</adlcp:location>
  </metadata>
  <organizations default="articulate_rise">
      <organization identifier="articulate_rise">
      <title>Stepping In Programme: Module 3 - Feedback</title>
      <item identifier="i1" identifierref="r1" isvisible="true">
        <title>Stepping In Programme: Module 3 - Feedback</title>
        <adlcp:datafromlms>eyJjcHYiOiIxSkRNVUhGbiIsInJsZCI6ZmFsc2V9</adlcp:datafromlms>
      </item>
    </organization>
  </organizations>
  <resources>
    <resource identifier="r1" type="webcontent" adlcp:scormtype="sco" href="scormdriver/indexAPI.html">
      <!-- SCORMDRIVER STUFF -->
      <file href="scormdriver/indexAPI.html" />
      <file href="scormdriver/preloadIntegrity.js" />
      <file href="scormdriver/driverOptions.js" />
      <file href="scormdriver/AICCComm.html" />
      <file href="scormdriver/auto-scripts/AutoBookmark.js" />
      <file href="scormdriver/auto-scripts/AutoCompleteSCO.js" />
      <file href="scormdriver/auto-scripts/CourseExit.js" />
      <file href="scormdriver/blank.html" />
      <file href="scormdriver/goodbye.html" />
      <file href="scormdriver/scormdriver.js" />
      <file href="scormdriver/browsersniff.js" />

      <!-- RUNTIME COMMON STUFF -->
      <file href="scormcontent/index.html" />
      <file href="scormcontent/lib/main.bundle.js"/>

      
        <file href="scormcontent/lib/fonts/icomoon.ttf"/>
        <file href="scormcontent/lib/fonts/icomoon.woff"/>

        <file href="scormcontent/lib/icomoon.css"/>
        <file href="scormcontent/lib/main.bundle.css"/>
        <file href="scormcontent/lib/player-0.0.11.min.js"/>
        <file href="scormcontent/lib/lzwcompress.js"/>
      

      <!-- RUNTIME CONTENT STUFF -->
      <file href="scormcontent/lib/fonts/OpenSans-Italic.woff" />
<file href="scormcontent/lib/fonts/OpenSans-Bold.woff" />
<file href="scormcontent/lib/fonts/OpenSans-Regular.woff" />
<file href="scormcontent/lib/fonts/OpenSans-Light.woff" />
<file href="scormcontent/lib/fonts/Raleway-Black.woff" />
<file href="scormcontent/lib/fonts/Raleway-Italic.woff" />
<file href="scormcontent/lib/fonts/Raleway-Bold.woff" />
<file href="scormcontent/lib/fonts/Raleway-Regular.woff" />
<file href="scormcontent/lib/fonts/Raleway-Light.woff" />
<file href="scormcontent/lib/fonts/Lato-Black.woff" />
<file href="scormcontent/lib/fonts/Lato-Italic.woff" />
<file href="scormcontent/lib/fonts/Lato-Bold.woff" />
<file href="scormcontent/lib/fonts/Lato-Regular.woff" />
<file href="scormcontent/lib/fonts/Lato-Light.woff" />
<file href="scormcontent/assets/vXkHQocF2DoWqPb-_small.png" />
<file href="scormcontent/assets/WB2KuKJkp6aXRubp_Tgt2NJWTRNnLqVoD.png" />
<file href="scormcontent/assets/a2X0A9uKU5HP-2_j_SYKrsL4CYjUJbnzA.jpg" />
<file href="scormcontent/assets/NlFL3lgHMlmeDxe9_iP7A38ntfxLc5NTm.jpg" />
<file href="scormcontent/assets/xeRgCZGzeEXz-QiF_NXHUK-zt0Dd8aBaI.jpg" />
<file href="scormcontent/assets/juyvpyNqBz1Wn_-Q_xmBVVLrzmcpHkNpA.jpg" />
<file href="scormcontent/assets/eizqx-t1vnpHdwB5_lV5MmN4ROem_OJiY.jpg" />
<file href="scormcontent/assets/LX3bhuIGm9TpxGwB_WdOJrWWl8Sb6PNvN.jpg" />
<file href="scormcontent/assets/G5rVX6eQQPJKH7O3_gubv-GlEeEgVWqcd.jpg" />
<file href="scormcontent/assets/6CaieM4CRWR1OJ89_5_abstract.jpg" />
<file href="scormcontent/assets/B_0UAIHjgBtvzFRv_example-header-image.jpg" />

    </resource>
  </resources>
</manifest>
