<?xml version="1.0" ?>
<manifest identifier="kxLej2v3Yso9NxaaV-fWZw4zC4BzlbXGruKSyeuF" version="1"
  xmlns="http://www.imsproject.org/xsd/imscp_rootv1p1p2"
  xmlns:adlcp="http://www.adlnet.org/xsd/adlcp_rootv1p2"
  xmlns:xsi="http://www.w3.org/2001/XMLSchema-instance"
  xsi:schemaLocation="http://www.imsproject.org/xsd/imscp_rootv1p1p2 imscp_rootv1p1p2.xsd
                      http://www.imsglobal.org/xsd/imsmd_rootv1p2p1 imsmd_rootv1p2p1.xsd
                      http://www.adlnet.org/xsd/adlcp_rootv1p2 adlcp_rootv1p2.xsd">
  <metadata>
    <schema>ADL SCORM</schema>
    <schemaversion>1.2</schemaversion>
    <adlcp:location>metadata.xml</adlcp:location>
  </metadata>
  <organizations default="articulate_rise">
      <organization identifier="articulate_rise">
      <title>Stepping In Programme: Module 2 - Planning</title>
      <item identifier="i1" identifierref="r1" isvisible="true">
        <title>Stepping In Programme: Module 2 - Planning</title>
        <adlcp:datafromlms>eyJjcHYiOiJydUtTeWV1RiIsInJsZCI6ZmFsc2V9</adlcp:datafromlms>
      </item>
    </organization>
  </organizations>
  <resources>
    <resource identifier="r1" type="webcontent" adlcp:scormtype="sco" href="scormdriver/indexAPI.html">
      <!-- SCORMDRIVER STUFF -->
      <file href="scormdriver/indexAPI.html" />
      <file href="scormdriver/preloadIntegrity.js" />
      <file href="scormdriver/driverOptions.js" />
      <file href="scormdriver/AICCComm.html" />
      <file href="scormdriver/auto-scripts/AutoBookmark.js" />
      <file href="scormdriver/auto-scripts/AutoCompleteSCO.js" />
      <file href="scormdriver/auto-scripts/CourseExit.js" />
      <file href="scormdriver/blank.html" />
      <file href="scormdriver/goodbye.html" />
      <file href="scormdriver/scormdriver.js" />
      <file href="scormdriver/browsersniff.js" />

      <!-- RUNTIME COMMON STUFF -->
      <file href="scormcontent/index.html" />
      <file href="scormcontent/lib/main.bundle.js"/>

      
        <file href="scormcontent/lib/fonts/icomoon.ttf"/>
        <file href="scormcontent/lib/fonts/icomoon.woff"/>

        <file href="scormcontent/lib/icomoon.css"/>
        <file href="scormcontent/lib/main.bundle.css"/>
        <file href="scormcontent/lib/player-0.0.11.min.js"/>
        <file href="scormcontent/lib/lzwcompress.js"/>
      

      <!-- RUNTIME CONTENT STUFF -->
      <file href="scormcontent/lib/fonts/OpenSans-Italic.woff" />
<file href="scormcontent/lib/fonts/OpenSans-Bold.woff" />
<file href="scormcontent/lib/fonts/OpenSans-Regular.woff" />
<file href="scormcontent/lib/fonts/OpenSans-Light.woff" />
<file href="scormcontent/lib/fonts/Raleway-Black.woff" />
<file href="scormcontent/lib/fonts/Raleway-Italic.woff" />
<file href="scormcontent/lib/fonts/Raleway-Bold.woff" />
<file href="scormcontent/lib/fonts/Raleway-Regular.woff" />
<file href="scormcontent/lib/fonts/Raleway-Light.woff" />
<file href="scormcontent/lib/fonts/Lato-Black.woff" />
<file href="scormcontent/lib/fonts/Lato-Italic.woff" />
<file href="scormcontent/lib/fonts/Lato-Bold.woff" />
<file href="scormcontent/lib/fonts/Lato-Regular.woff" />
<file href="scormcontent/lib/fonts/Lato-Light.woff" />
<file href="scormcontent/assets/6o3Kxxcx9deey3id_small.png" />
<file href="scormcontent/assets/dG1WWpG27aDTFkb6_Tgt2NJWTRNnLqVoD.png" />
<file href="scormcontent/assets/qGoXIt8PSBLBGQYO_zF0PMndrBjAMjvMl.jpg" />
<file href="scormcontent/assets/WceyQV-1NfW5uV6V_FbT-sUfIjaZ-8bof.png" />
<file href="scormcontent/assets/3C0-x4G0WTtq2A5Y_cq32FqGRPRkyIWJF.jpg" />
<file href="scormcontent/assets/gLCDXNfgs_YkVMez_aIyDLOFeAib-1ZQu.jpg" />
<file href="scormcontent/assets/nXvsTT-DMAt6zVEt_CpcO2qWl2hrPvXs5.jpg" />
<file href="scormcontent/assets/QRB8Vdm2Qxs1Nh4O_uYK6DtK-rerrGN-3.jpg" />
<file href="scormcontent/assets/AEZ7fJyFNj6CZ0_U_g4nnz971eysPJ1Vq.jpg" />
<file href="scormcontent/assets/XseXmOANGrbpxfAq_ewuvqNXNdrNnCX7I.jpg" />
<file href="scormcontent/assets/IAWLXf_wPuQfPONW_nLqCPcOnL_WodOHA.jpg" />
<file href="scormcontent/assets/IbOk2oz8tDhH1tf5_Y9dKy8EfRb5lwY5d.jpg" />
<file href="scormcontent/assets/CBI3hFg23wyF7Ic6_su6_cPQG2x4dgyn3.jpg" />
<file href="scormcontent/assets/27j7UGojwwyNZZI1_aAJPijCkTAOjpfYe.png" />
<file href="scormcontent/assets/b0KZaqOxxnVsiNCd_D6eHbhTV86_OsUYw.jpg" />
<file href="scormcontent/assets/JhgHnKdcAbyv9dkS_eeKm5jdtvu71cVc3.jpg" />
<file href="scormcontent/assets/qegg_TOn5EAU7-Do_gubv-GlEeEgVWqcd.jpg" />
<file href="scormcontent/assets/cwu4VGdjQLq-KRwh_5_abstract.jpg" />
<file href="scormcontent/assets/TmyP8qE0zQl8NQ8v_example-header-image.jpg" />

    </resource>
  </resources>
</manifest>
