<?xml version="1.0" ?>
<manifest identifier="eURScWAbh4sfgYvpogWL0uRHhdDejQGKrl5YfGFr" version="1"
  xmlns="http://www.imsproject.org/xsd/imscp_rootv1p1p2"
  xmlns:adlcp="http://www.adlnet.org/xsd/adlcp_rootv1p2"
  xmlns:xsi="http://www.w3.org/2001/XMLSchema-instance"
  xsi:schemaLocation="http://www.imsproject.org/xsd/imscp_rootv1p1p2 imscp_rootv1p1p2.xsd
                      http://www.imsglobal.org/xsd/imsmd_rootv1p2p1 imsmd_rootv1p2p1.xsd
                      http://www.adlnet.org/xsd/adlcp_rootv1p2 adlcp_rootv1p2.xsd">
  <metadata>
    <schema>ADL SCORM</schema>
    <schemaversion>1.2</schemaversion>
    <adlcp:location>metadata.xml</adlcp:location>
  </metadata>
  <organizations default="articulate_rise">
      <organization identifier="articulate_rise">
      <title>Stepping In Programme: Module 4 - Challenge</title>
      <item identifier="i1" identifierref="r1" isvisible="true">
        <title>Stepping In Programme: Module 4 - Challenge</title>
        <adlcp:datafromlms>eyJjcHYiOiJybDVZZkdGciIsInJsZCI6ZmFsc2V9</adlcp:datafromlms>
      </item>
    </organization>
  </organizations>
  <resources>
    <resource identifier="r1" type="webcontent" adlcp:scormtype="sco" href="scormdriver/indexAPI.html">
      <!-- SCORMDRIVER STUFF -->
      <file href="scormdriver/indexAPI.html" />
      <file href="scormdriver/preloadIntegrity.js" />
      <file href="scormdriver/driverOptions.js" />
      <file href="scormdriver/AICCComm.html" />
      <file href="scormdriver/auto-scripts/AutoBookmark.js" />
      <file href="scormdriver/auto-scripts/AutoCompleteSCO.js" />
      <file href="scormdriver/auto-scripts/CourseExit.js" />
      <file href="scormdriver/blank.html" />
      <file href="scormdriver/goodbye.html" />
      <file href="scormdriver/scormdriver.js" />
      <file href="scormdriver/browsersniff.js" />

      <!-- RUNTIME COMMON STUFF -->
      <file href="scormcontent/index.html" />
      <file href="scormcontent/lib/main.bundle.js"/>

      
        <file href="scormcontent/lib/fonts/icomoon.ttf"/>
        <file href="scormcontent/lib/fonts/icomoon.woff"/>

        <file href="scormcontent/lib/icomoon.css"/>
        <file href="scormcontent/lib/main.bundle.css"/>
        <file href="scormcontent/lib/player-0.0.11.min.js"/>
        <file href="scormcontent/lib/lzwcompress.js"/>
      

      <!-- RUNTIME CONTENT STUFF -->
      <file href="scormcontent/lib/fonts/OpenSans-Italic.woff" />
<file href="scormcontent/lib/fonts/OpenSans-Bold.woff" />
<file href="scormcontent/lib/fonts/OpenSans-Regular.woff" />
<file href="scormcontent/lib/fonts/OpenSans-Light.woff" />
<file href="scormcontent/lib/fonts/Raleway-Black.woff" />
<file href="scormcontent/lib/fonts/Raleway-Italic.woff" />
<file href="scormcontent/lib/fonts/Raleway-Bold.woff" />
<file href="scormcontent/lib/fonts/Raleway-Regular.woff" />
<file href="scormcontent/lib/fonts/Raleway-Light.woff" />
<file href="scormcontent/lib/fonts/Lato-Black.woff" />
<file href="scormcontent/lib/fonts/Lato-Italic.woff" />
<file href="scormcontent/lib/fonts/Lato-Bold.woff" />
<file href="scormcontent/lib/fonts/Lato-Regular.woff" />
<file href="scormcontent/lib/fonts/Lato-Light.woff" />
<file href="scormcontent/assets/SvGMVau_AuXt_wfY_small.png" />
<file href="scormcontent/assets/fBgFXeobUMBOvdip_Tgt2NJWTRNnLqVoD.png" />
<file href="scormcontent/assets/ts66-gXe5POLCgpS_d4iX0LdlzRftAhOb.jpg" />
<file href="scormcontent/assets/izrpPyRKLY9UhK2h_Z9NQM08kr0jjG0r6.jpg" />
<file href="scormcontent/assets/eVfG0aOLm5ofdvO6_bUjqgiUAiTXgqWq3.jpg" />
<file href="scormcontent/assets/lnxpfsxVAT09S4Fp_qY6faX3LD0MNVv-B.jpg" />
<file href="scormcontent/assets/mlxhvnQ66Ty6SpTC_6KuQ2UOxNaa9sqSE.jpg" />
<file href="scormcontent/assets/yRBClq_z8dRsM_Us_b4k9AnL5FTTIN-xg.jpg" />
<file href="scormcontent/assets/p6lfQJQUKaF8wwTM_nmlaEUNbpOf4ZV3t.jpg" />
<file href="scormcontent/assets/k4B0_yGyaOqa0jW4_l0VeZZVfzbdGWO1p.png" />
<file href="scormcontent/assets/YO-PUskGn10Ga-tJ_zZhsGd0oRcCWdwhk.jpg" />
<file href="scormcontent/assets/iXEv7ZIBCje4zeoJ_zMRv9ydPeOly1mVc.jpg" />
<file href="scormcontent/assets/JclPEic5wUVXjDxS_hdhwzOM129UUAUIH.jpg" />
<file href="scormcontent/assets/kGE6DA8s8393Qdbx_gubv-GlEeEgVWqcd.jpg" />
<file href="scormcontent/assets/9T137syRBoRWxZoY_5_abstract.jpg" />
<file href="scormcontent/assets/aTVw1ZaqNW3qAdl0_example-header-image.jpg" />

    </resource>
  </resources>
</manifest>
