<?xml version="1.0" ?>
<manifest identifier="XW9sUcP7GYWk4ATCx6kAfJYf0B2xsSgiQBVtOAPo" version="1"
  xmlns="http://www.imsproject.org/xsd/imscp_rootv1p1p2"
  xmlns:adlcp="http://www.adlnet.org/xsd/adlcp_rootv1p2"
  xmlns:xsi="http://www.w3.org/2001/XMLSchema-instance"
  xsi:schemaLocation="http://www.imsproject.org/xsd/imscp_rootv1p1p2 imscp_rootv1p1p2.xsd
                      http://www.imsglobal.org/xsd/imsmd_rootv1p2p1 imsmd_rootv1p2p1.xsd
                      http://www.adlnet.org/xsd/adlcp_rootv1p2 adlcp_rootv1p2.xsd">
  <metadata>
    <schema>ADL SCORM</schema>
    <schemaversion>1.2</schemaversion>
    <adlcp:location>metadata.xml</adlcp:location>
  </metadata>
  <organizations default="articulate_rise">
      <organization identifier="articulate_rise">
      <title>Stepping In Programme: Module 5 - Explaination</title>
      <item identifier="i1" identifierref="r1" isvisible="true">
        <title>Stepping In Programme: Module 5 - Explaination</title>
        <adlcp:datafromlms>eyJjcHYiOiJRQlZ0T0FQbyIsInJsZCI6ZmFsc2V9</adlcp:datafromlms>
      </item>
    </organization>
  </organizations>
  <resources>
    <resource identifier="r1" type="webcontent" adlcp:scormtype="sco" href="scormdriver/indexAPI.html">
      <!-- SCORMDRIVER STUFF -->
      <file href="scormdriver/indexAPI.html" />
      <file href="scormdriver/preloadIntegrity.js" />
      <file href="scormdriver/driverOptions.js" />
      <file href="scormdriver/AICCComm.html" />
      <file href="scormdriver/auto-scripts/AutoBookmark.js" />
      <file href="scormdriver/auto-scripts/AutoCompleteSCO.js" />
      <file href="scormdriver/auto-scripts/CourseExit.js" />
      <file href="scormdriver/blank.html" />
      <file href="scormdriver/goodbye.html" />
      <file href="scormdriver/scormdriver.js" />
      <file href="scormdriver/browsersniff.js" />

      <!-- RUNTIME COMMON STUFF -->
      <file href="scormcontent/index.html" />
      <file href="scormcontent/lib/main.bundle.js"/>

      
        <file href="scormcontent/lib/fonts/icomoon.ttf"/>
        <file href="scormcontent/lib/fonts/icomoon.woff"/>

        <file href="scormcontent/lib/icomoon.css"/>
        <file href="scormcontent/lib/main.bundle.css"/>
        <file href="scormcontent/lib/player-0.0.11.min.js"/>
        <file href="scormcontent/lib/lzwcompress.js"/>
      

      <!-- RUNTIME CONTENT STUFF -->
      <file href="scormcontent/lib/fonts/OpenSans-Italic.woff" />
<file href="scormcontent/lib/fonts/OpenSans-Bold.woff" />
<file href="scormcontent/lib/fonts/OpenSans-Regular.woff" />
<file href="scormcontent/lib/fonts/OpenSans-Light.woff" />
<file href="scormcontent/lib/fonts/Raleway-Black.woff" />
<file href="scormcontent/lib/fonts/Raleway-Italic.woff" />
<file href="scormcontent/lib/fonts/Raleway-Bold.woff" />
<file href="scormcontent/lib/fonts/Raleway-Regular.woff" />
<file href="scormcontent/lib/fonts/Raleway-Light.woff" />
<file href="scormcontent/lib/fonts/Lato-Black.woff" />
<file href="scormcontent/lib/fonts/Lato-Italic.woff" />
<file href="scormcontent/lib/fonts/Lato-Bold.woff" />
<file href="scormcontent/lib/fonts/Lato-Regular.woff" />
<file href="scormcontent/lib/fonts/Lato-Light.woff" />
<file href="scormcontent/assets/D8RI53GlEnrifnR6_small.png" />
<file href="scormcontent/assets/c4nhkK2zmJAfm8Es_Tgt2NJWTRNnLqVoD.png" />
<file href="scormcontent/assets/lmAYNq47FGQr366f_ZazBpXsGj-ge_eSU.jpg" />
<file href="scormcontent/assets/EsfMP7DLiopkgiaP_5azLxfANfAEQwxQA.jpg" />
<file href="scormcontent/assets/CfmdYhVMq4jPv27V_OulgKVox2z877Dgp.png" />
<file href="scormcontent/assets/hEC8EoJdk38QKuD-_jVEq9irU0wUes8D8.png" />
<file href="scormcontent/assets/n396LKlPAuzGN6Bx_n68PIXXnkaAnJoNF.png" />
<file href="scormcontent/assets/AgWXFbgOLz-NKZBq_nbp53QiLGcgzoF5e.png" />
<file href="scormcontent/assets/msY3fc8D5r_JmKYF_wVJD9c1-I0gonAMO.jpg" />
<file href="scormcontent/assets/Kz5jC8-ULRHbnKYe_gubv-GlEeEgVWqcd.jpg" />
<file href="scormcontent/assets/Ax8N76aHfwQsONB6_5_abstract.jpg" />
<file href="scormcontent/assets/wSz40GazZ3yXQevu_example-header-image.jpg" />

    </resource>
  </resources>
</manifest>
