<?xml version="1.0" ?>
<manifest identifier="j6ZOhNj8r0JLfE9QOdFqL1e9W6-iDjzM9-A8XMDN" version="1"
  xmlns="http://www.imsproject.org/xsd/imscp_rootv1p1p2"
  xmlns:adlcp="http://www.adlnet.org/xsd/adlcp_rootv1p2"
  xmlns:xsi="http://www.w3.org/2001/XMLSchema-instance"
  xsi:schemaLocation="http://www.imsproject.org/xsd/imscp_rootv1p1p2 imscp_rootv1p1p2.xsd
                      http://www.imsglobal.org/xsd/imsmd_rootv1p2p1 imsmd_rootv1p2p1.xsd
                      http://www.adlnet.org/xsd/adlcp_rootv1p2 adlcp_rootv1p2.xsd">
  <metadata>
    <schema>ADL SCORM</schema>
    <schemaversion>1.2</schemaversion>
    <adlcp:location>metadata.xml</adlcp:location>
  </metadata>
  <organizations default="articulate_rise">
      <organization identifier="articulate_rise">
      <title>Stepping In Programme: Module 7 - Practice</title>
      <item identifier="i1" identifierref="r1" isvisible="true">
        <title>Stepping In Programme: Module 7 - Practice</title>
        <adlcp:datafromlms>eyJjcHYiOiI5LUE4WE1ETiIsInJsZCI6ZmFsc2V9</adlcp:datafromlms>
      </item>
    </organization>
  </organizations>
  <resources>
    <resource identifier="r1" type="webcontent" adlcp:scormtype="sco" href="scormdriver/indexAPI.html">
      <!-- SCORMDRIVER STUFF -->
      <file href="scormdriver/indexAPI.html" />
      <file href="scormdriver/preloadIntegrity.js" />
      <file href="scormdriver/driverOptions.js" />
      <file href="scormdriver/AICCComm.html" />
      <file href="scormdriver/auto-scripts/AutoBookmark.js" />
      <file href="scormdriver/auto-scripts/AutoCompleteSCO.js" />
      <file href="scormdriver/auto-scripts/CourseExit.js" />
      <file href="scormdriver/blank.html" />
      <file href="scormdriver/goodbye.html" />
      <file href="scormdriver/scormdriver.js" />
      <file href="scormdriver/browsersniff.js" />

      <!-- RUNTIME COMMON STUFF -->
      <file href="scormcontent/index.html" />
      <file href="scormcontent/lib/main.bundle.js"/>

      
        <file href="scormcontent/lib/fonts/icomoon.ttf"/>
        <file href="scormcontent/lib/fonts/icomoon.woff"/>

        <file href="scormcontent/lib/icomoon.css"/>
        <file href="scormcontent/lib/main.bundle.css"/>
        <file href="scormcontent/lib/player-0.0.11.min.js"/>
        <file href="scormcontent/lib/lzwcompress.js"/>
      

      <!-- RUNTIME CONTENT STUFF -->
      <file href="scormcontent/lib/fonts/OpenSans-Italic.woff" />
<file href="scormcontent/lib/fonts/OpenSans-Bold.woff" />
<file href="scormcontent/lib/fonts/OpenSans-Regular.woff" />
<file href="scormcontent/lib/fonts/OpenSans-Light.woff" />
<file href="scormcontent/lib/fonts/Raleway-Black.woff" />
<file href="scormcontent/lib/fonts/Raleway-Italic.woff" />
<file href="scormcontent/lib/fonts/Raleway-Bold.woff" />
<file href="scormcontent/lib/fonts/Raleway-Regular.woff" />
<file href="scormcontent/lib/fonts/Raleway-Light.woff" />
<file href="scormcontent/lib/fonts/Lato-Black.woff" />
<file href="scormcontent/lib/fonts/Lato-Italic.woff" />
<file href="scormcontent/lib/fonts/Lato-Bold.woff" />
<file href="scormcontent/lib/fonts/Lato-Regular.woff" />
<file href="scormcontent/lib/fonts/Lato-Light.woff" />
<file href="scormcontent/assets/B5hy7yQSOD8F0Mce_small.png" />
<file href="scormcontent/assets/2DejHKzsGv6zk9kx_Tgt2NJWTRNnLqVoD.png" />
<file href="scormcontent/assets/42eT8kehE1_RzzQM__iuIlgoaM3ZfYo-w.jpg" />
<file href="scormcontent/assets/ThcSCfCFPUsQEAW-_2H9MEFg4Q-0ztBOq.jpg" />
<file href="scormcontent/assets/yXeCRC0UT9-ZewVf_GmCp4v2URGpQ-14H.jpg" />
<file href="scormcontent/assets/XUS20Y8B3I6VsxTH_eGx9BefHPHpWeGVX.jpg" />
<file href="scormcontent/assets/56ZHAdOGYoMsq1Vp_ME3TWJSm7-v9d65C.jpg" />
<file href="scormcontent/assets/8ipuybEXsIRvOea9_V-YgdF5G7A8lzSYh.jpg" />
<file href="scormcontent/assets/ZKlGRR07HBt5fl_T_LOeTxvIvr5e9ZzV_.jpg" />
<file href="scormcontent/assets/PRlZ8DVsV0ns-Mt__m0cnRixiAhmwFMj5.jpg" />
<file href="scormcontent/assets/e7ZTT0YUTOTbEeE-_t-PueQbKNRaEhGWp.jpg" />
<file href="scormcontent/assets/urzJivTfedfPU0VV_sMbOr27q4wPU6DeI.jpg" />
<file href="scormcontent/assets/1EJ5sN4kmneBFceg_gubv-GlEeEgVWqcd.jpg" />
<file href="scormcontent/assets/IeXJorsnxh4czxEm_5_abstract.jpg" />
<file href="scormcontent/assets/G2_uZm8sA9jwA5Cm_example-header-image.jpg" />

    </resource>
  </resources>
</manifest>
