<?xml version="1.0" ?>
<manifest identifier="PXCJLmECXPH8wjzlw05BmhrUrHtfy2O9ZjWFl5Rt" version="1"
  xmlns="http://www.imsproject.org/xsd/imscp_rootv1p1p2"
  xmlns:adlcp="http://www.adlnet.org/xsd/adlcp_rootv1p2"
  xmlns:xsi="http://www.w3.org/2001/XMLSchema-instance"
  xsi:schemaLocation="http://www.imsproject.org/xsd/imscp_rootv1p1p2 imscp_rootv1p1p2.xsd
                      http://www.imsglobal.org/xsd/imsmd_rootv1p2p1 imsmd_rootv1p2p1.xsd
                      http://www.adlnet.org/xsd/adlcp_rootv1p2 adlcp_rootv1p2.xsd">
  <metadata>
    <schema>ADL SCORM</schema>
    <schemaversion>1.2</schemaversion>
    <adlcp:location>metadata.xml</adlcp:location>
  </metadata>
  <organizations default="articulate_rise">
      <organization identifier="articulate_rise">
      <title>Stepping In Programme: Module 1 - Behaviour</title>
      <item identifier="i1" identifierref="r1" isvisible="true">
        <title>Stepping In Programme: Module 1 - Behaviour</title>
        <adlcp:datafromlms>eyJjcHYiOiJaaldGbDVSdCIsInJsZCI6ZmFsc2V9</adlcp:datafromlms>
      </item>
    </organization>
  </organizations>
  <resources>
    <resource identifier="r1" type="webcontent" adlcp:scormtype="sco" href="scormdriver/indexAPI.html">
      <!-- SCORMDRIVER STUFF -->
      <file href="scormdriver/indexAPI.html" />
      <file href="scormdriver/preloadIntegrity.js" />
      <file href="scormdriver/driverOptions.js" />
      <file href="scormdriver/AICCComm.html" />
      <file href="scormdriver/auto-scripts/AutoBookmark.js" />
      <file href="scormdriver/auto-scripts/AutoCompleteSCO.js" />
      <file href="scormdriver/auto-scripts/CourseExit.js" />
      <file href="scormdriver/blank.html" />
      <file href="scormdriver/goodbye.html" />
      <file href="scormdriver/scormdriver.js" />
      <file href="scormdriver/browsersniff.js" />

      <!-- RUNTIME COMMON STUFF -->
      <file href="scormcontent/index.html" />
      <file href="scormcontent/lib/main.bundle.js"/>

      
        <file href="scormcontent/lib/fonts/icomoon.ttf"/>
        <file href="scormcontent/lib/fonts/icomoon.woff"/>

        <file href="scormcontent/lib/icomoon.css"/>
        <file href="scormcontent/lib/main.bundle.css"/>
        <file href="scormcontent/lib/player-0.0.11.min.js"/>
        <file href="scormcontent/lib/lzwcompress.js"/>
      

      <!-- RUNTIME CONTENT STUFF -->
      <file href="scormcontent/lib/fonts/OpenSans-Italic.woff" />
<file href="scormcontent/lib/fonts/OpenSans-Bold.woff" />
<file href="scormcontent/lib/fonts/OpenSans-Regular.woff" />
<file href="scormcontent/lib/fonts/OpenSans-Light.woff" />
<file href="scormcontent/lib/fonts/Raleway-Black.woff" />
<file href="scormcontent/lib/fonts/Raleway-Italic.woff" />
<file href="scormcontent/lib/fonts/Raleway-Bold.woff" />
<file href="scormcontent/lib/fonts/Raleway-Regular.woff" />
<file href="scormcontent/lib/fonts/Raleway-Light.woff" />
<file href="scormcontent/lib/fonts/Lato-Black.woff" />
<file href="scormcontent/lib/fonts/Lato-Italic.woff" />
<file href="scormcontent/lib/fonts/Lato-Bold.woff" />
<file href="scormcontent/lib/fonts/Lato-Regular.woff" />
<file href="scormcontent/lib/fonts/Lato-Light.woff" />
<file href="scormcontent/assets/QOPzAi20jdnu6r9N_small.png" />
<file href="scormcontent/assets/NA7cTbX9FKJnuzWv_Tgt2NJWTRNnLqVoD.png" />
<file href="scormcontent/assets/A1-twKFkzXDgkOmH_wVhTWjLEQ4aZWhg2.jpg" />
<file href="scormcontent/assets/m6BQjEH9GKI8yJVj_xtw8IZCyzwuK-M3-.jpg" />
<file href="scormcontent/assets/7stX9A9k8ycV9o9Y_XsnKZ0jV8slX79Yl.jpg" />
<file href="scormcontent/assets/U7L-t3mTGQcxewJU_NGuEUq45rOa3idFl.jpg" />
<file href="scormcontent/assets/G2bQtTf-ir5Nqc9L_a4bs3kjucDmcygEa.jpg" />
<file href="scormcontent/assets/grR86N_be91OeYI9_GH-VWDKc2Y6al6QD.jpg" />
<file href="scormcontent/assets/XtMBH9AJDOflxryG_slxZsK5RP7Fi3mpC.jpg" />
<file href="scormcontent/assets/zOVoYXRN8U1YOR16_fTFpe6mLIYd8U96n.jpg" />
<file href="scormcontent/assets/K_WLd-f6Lz42Blmg_e47J-K5OZZ6htVaP.jpg" />
<file href="scormcontent/assets/4VaDOLLM4anYKJhL_wHs1BkX7ZSc9HQBH.jpg" />
<file href="scormcontent/assets/S7MJPNwi4vEjkHhD_g-AEQXLJE6b4acy1.jpg" />
<file href="scormcontent/assets/blSEU3NJkn58KWNb_9hfMs4A5bx48XBC7.jpg" />
<file href="scormcontent/assets/oobJqJNNIVdYrdwD_Tgpj3EqCHKtTOkOT.gif" />
<file href="scormcontent/assets/jJVsEOITnL758sxE_gubv-GlEeEgVWqcd.jpg" />
<file href="scormcontent/assets/rLQfcWyZI-kmULfq_5_abstract.jpg" />
<file href="scormcontent/assets/7MFNCHytag71mhLX_example-header-image.jpg" />

    </resource>
  </resources>
</manifest>
